timeStamp,elapsed,label,responseCode,responseMessage,threadName,dataType,success,failureMessage,bytes,sentBytes,grpThreads,allThreads,URL,Latency,IdleTime,Connect
1719920850845,2824,CloudServices,200,OK,Thread Group 1-1,text,false,"The operation lasted too long: It took 2,824 milliseconds, but should not have lasted longer than 2,000 milliseconds.",67124,348,1,1,https://www.changepond.com/services/cloud-services/,509,0,254
1719920850845,522,CloudServices-0,301,Moved Permanently,Thread Group 1-1,text,true,,561,204,1,1,http://www.changepond.com/services/cloud-services/,509,0,254
1719920851374,2295,CloudServices-1,200,OK,Thread Group 1-1,text,true,,66563,144,1,1,https://www.changepond.com/services/cloud-services/,1957,0,1737
1719920853695,1156,CustomerExperience,200,OK,Thread Group 1-1,text,true,,80051,314,1,1,https://www.changepond.com/services/digital-customer-experience/,210,0,0
1719920853695,210,CustomerExperience-0,301,Moved Permanently,Thread Group 1-1,text,true,,586,157,1,1,http://www.changepond.com/services/digital-customer-experience/,210,0,0
1719920853906,945,CustomerExperience-1,200,OK,Thread Group 1-1,text,true,,79465,157,1,1,https://www.changepond.com/services/digital-customer-experience/,199,0,0
1719920854853,420,DigitalAssurance,200,OK,Thread Group 1-1,text,true,,52688,294,1,1,https://www.changepond.com/services/digital-assurance/,209,0,0
1719920854853,210,DigitalAssurance-0,301,Moved Permanently,Thread Group 1-1,text,true,,566,147,1,1,http://www.changepond.com/services/digital-assurance/,209,0,0
1719920855063,210,DigitalAssurance-1,200,OK,Thread Group 1-1,text,true,,52122,147,1,1,https://www.changepond.com/services/digital-assurance/,199,0,0
1719920855275,812,Intelligence,200,OK,Thread Group 1-1,text,true,,69447,304,1,1,https://www.changepond.com/services/intelligent-automation/,210,0,0
1719920855275,210,Intelligence-0,301,Moved Permanently,Thread Group 1-1,text,true,,576,152,1,1,http://www.changepond.com/services/intelligent-automation/,210,0,0
1719920855485,602,Intelligence-1,200,OK,Thread Group 1-1,text,true,,68871,152,1,1,https://www.changepond.com/services/intelligent-automation/,200,0,0
1719920856089,400,ProductDesign,200,OK,Thread Group 1-1,text,true,,24607,310,1,1,https://www.changepond.com/engineering-services/product-design,208,0,0
1719920856089,208,ProductDesign-0,301,Moved Permanently,Thread Group 1-1,text,true,,582,155,1,1,http://www.changepond.com/engineering-services/product-design,208,0,0
1719920856298,191,ProductDesign-1,200,OK,Thread Group 1-1,text,true,,24025,155,1,1,https://www.changepond.com/engineering-services/product-design,187,0,0
1719920856490,408,ValueAnalysis,200,OK,Thread Group 1-1,text,true,,23976,310,1,1,https://www.changepond.com/engineering-services/value-analysis,201,0,0
1719920856490,201,ValueAnalysis-0,301,Moved Permanently,Thread Group 1-1,text,true,,582,155,1,1,http://www.changepond.com/engineering-services/value-analysis,201,0,0
1719920856692,206,ValueAnalysis-1,200,OK,Thread Group 1-1,text,true,,23394,155,1,1,https://www.changepond.com/engineering-services/value-analysis,202,0,0
1719920856899,411,DataManagement,200,OK,Thread Group 1-1,text,true,,28214,336,1,1,https://www.changepond.com/engineering-services/engineering-data-management,208,0,0
1719920856899,208,DataManagement-0,301,Moved Permanently,Thread Group 1-1,text,true,,608,168,1,1,http://www.changepond.com/engineering-services/engineering-data-management,208,0,0
1719920857108,202,DataManagement-1,200,OK,Thread Group 1-1,text,true,,27606,168,1,1,https://www.changepond.com/engineering-services/engineering-data-management,198,0,0
1719920857311,410,EngineeringAnalysis,200,OK,Thread Group 1-1,text,true,,22476,322,1,1,https://www.changepond.com/engineering-services/engineering-analysis,209,0,0
1719920857311,209,EngineeringAnalysis-0,301,Moved Permanently,Thread Group 1-1,text,true,,594,161,1,1,http://www.changepond.com/engineering-services/engineering-analysis,209,0,0
1719920857520,201,EngineeringAnalysis-1,200,OK,Thread Group 1-1,text,true,,21882,161,1,1,https://www.changepond.com/engineering-services/engineering-analysis,198,0,0
1719920857723,411,DesignAutomation,200,OK,Thread Group 1-1,text,true,,23414,316,1,1,https://www.changepond.com/engineering-services/design-automation,208,0,0
1719920857723,208,DesignAutomation-0,301,Moved Permanently,Thread Group 1-1,text,true,,588,158,1,1,http://www.changepond.com/engineering-services/design-automation,208,0,0
1719920857931,203,DesignAutomation-1,200,OK,Thread Group 1-1,text,true,,22826,158,1,1,https://www.changepond.com/engineering-services/design-automation,199,0,0
1719920858136,412,ElectricalCAD,200,OK,Thread Group 1-1,text,true,,22685,310,1,1,https://www.changepond.com/engineering-services/electrical-cad,210,0,0
1719920858136,210,ElectricalCAD-0,301,Moved Permanently,Thread Group 1-1,text,true,,582,155,1,1,http://www.changepond.com/engineering-services/electrical-cad,210,0,0
1719920858346,202,ElectricalCAD-1,200,OK,Thread Group 1-1,text,true,,22103,155,1,1,https://www.changepond.com/engineering-services/electrical-cad,199,0,0
